ID,Country,Population,Area (sq km),Density,Economy Wikipedia Link,markdown_path,json_path,links_csv_path
1,afghanistan,"4,384,411",652860,67,https://en.wikipedia.org/wiki/Economy_of_Afghanistan,markdown/economy_of_afghanistan.md,json/economy_of_afghanistan.json,csv/economy_of_afghanistan_links.csv
2,Albania,"2,771,508","27,400",101,https://en.wikipedia.org/wiki/Economy_of_Albania,markdown/economy_of_albania.md,json/economy_of_albania.json,csv/economy_of_albania_links.csv
3,Algeria,"47,435,312","2,381,740",20,https://en.wikipedia.org/wiki/Economy_of_Algeria,markdown/economy_of_algeria.md,json/economy_of_algeria.json,csv/economy_of_algeria_links.csv
4,Andorra,"82,904",470,176,https://en.wikipedia.org/wiki/Economy_of_Andorra,markdown/economy_of_andorra.md,json/economy_of_andorra.json,csv/economy_of_andorra_links.csv
5,Angola,"39,040,039","1,246,700",31,https://en.wikipedia.org/wiki/Economy_of_Angola,markdown/economy_of_angola.md,json/economy_of_angola.json,csv/economy_of_angola_links.csv
6,Antigua and Barbuda,"94,209",440,214,https://en.wikipedia.org/wiki/Economy_of_Antigua_and_Barbuda,markdown/economy_of_antigua_and_barbuda.md,json/economy_of_antigua_and_barbuda.json,csv/economy_of_antigua_and_barbuda_links.csv
7,Argentina,"45,851,378","2,736,690",17,https://en.wikipedia.org/wiki/Economy_of_Argentina,markdown/economy_of_argentina.md,json/economy_of_argentina.json,csv/economy_of_argentina_links.csv
8,Armenia,"2,952,365","28,470",104,https://en.wikipedia.org/wiki/Economy_of_Armenia,markdown/economy_of_armenia.md,json/economy_of_armenia.json,csv/economy_of_armenia_links.csv
9,Australia,"26,974,026","7,682,300",4,https://en.wikipedia.org/wiki/Economy_of_Australia,markdown/economy_of_australia.md,json/economy_of_australia.json,csv/economy_of_australia_links.csv
10,Austria,"9,113,574","82,409",111,https://en.wikipedia.org/wiki/Economy_of_Austria,markdown/economy_of_austria.md,json/economy_of_austria.json,csv/economy_of_austria_links.csv
11,Azerbaijan,"10,397,713","82,658",126,https://en.wikipedia.org/wiki/Economy_of_Azerbaijan,markdown/economy_of_azerbaijan.md,json/economy_of_azerbaijan.json,csv/economy_of_azerbaijan_links.csv
12,Bahamas,"403,033","10,010",40,https://en.wikipedia.org/wiki/Economy_of_the_Bahamas,markdown/economy_of_the_bahamas.md,json/economy_of_the_bahamas.json,csv/economy_of_the_bahamas_links.csv
13,Bahrain,"1,643,332",760,"2,162",https://en.wikipedia.org/wiki/Economy_of_Bahrain,markdown/economy_of_bahrain.md,json/economy_of_bahrain.json,csv/economy_of_bahrain_links.csv
14,Bangladesh,"175,686,899","130,170","1,350",https://en.wikipedia.org/wiki/Economy_of_Bangladesh,markdown/economy_of_bangladesh.md,json/economy_of_bangladesh.json,csv/economy_of_bangladesh_links.csv
15,Barbados,"282,623",430,657,https://en.wikipedia.org/wiki/Economy_of_Barbados,markdown/economy_of_barbados.md,json/economy_of_barbados.json,csv/economy_of_barbados_links.csv
16,Belarus,"8,997,603","202,910",44,https://en.wikipedia.org/wiki/Economy_of_Belarus,markdown/economy_of_belarus.md,json/economy_of_belarus.json,csv/economy_of_belarus_links.csv
17,Belgium,"11,758,603","30,280",388,https://en.wikipedia.org/wiki/Economy_of_Belgium,markdown/economy_of_belgium.md,json/economy_of_belgium.json,csv/economy_of_belgium_links.csv
18,Belize,"422,924","22,810",19,https://en.wikipedia.org/wiki/Economy_of_Belize,markdown/economy_of_belize.md,json/economy_of_belize.json,csv/economy_of_belize_links.csv
19,Benin,"14,814,460","112,760",131,https://en.wikipedia.org/wiki/Economy_of_Benin,markdown/economy_of_benin.md,json/economy_of_benin.json,csv/economy_of_benin_links.csv
20,Bhutan,"796,682","38,117",21,https://en.wikipedia.org/wiki/Economy_of_Bhutan,markdown/economy_of_bhutan.md,json/economy_of_bhutan.json,csv/economy_of_bhutan_links.csv
21,Bolivia,"12,581,843","1,083,300",12,https://en.wikipedia.org/wiki/Economy_of_Bolivia,markdown/economy_of_bolivia.md,json/economy_of_bolivia.json,csv/economy_of_bolivia_links.csv
22,Bosnia and Herzegovina,"3,140,095","51,000",62,https://en.wikipedia.org/wiki/Economy_of_Bosnia_and_Herzegovina,markdown/economy_of_bosnia_and_herzegovina.md,json/economy_of_bosnia_and_herzegovina.json,csv/economy_of_bosnia_and_herzegovina_links.csv
23,Botswana,"2,562,122","566,730",5,https://en.wikipedia.org/wiki/Economy_of_Botswana,markdown/economy_of_botswana.md,json/economy_of_botswana.json,csv/economy_of_botswana_links.csv
24,Brazil,"212,812,405","8,358,140",25,https://en.wikipedia.org/wiki/Economy_of_Brazil,markdown/economy_of_brazil.md,json/economy_of_brazil.json,csv/economy_of_brazil_links.csv
25,Brunei,"466,330","5,270",88,https://en.wikipedia.org/wiki/Economy_of_Brunei,markdown/economy_of_brunei.md,json/economy_of_brunei.json,csv/economy_of_brunei_links.csv
26,Bulgaria,"6,714,560","108,560",62,https://en.wikipedia.org/wiki/Economy_of_Bulgaria,markdown/economy_of_bulgaria.md,json/economy_of_bulgaria.json,csv/economy_of_bulgaria_links.csv
27,Burkina Faso,"24,074,580","273,600",88,https://en.wikipedia.org/wiki/Economy_of_Burkina_Faso,markdown/economy_of_burkina_faso.md,json/economy_of_burkina_faso.json,csv/economy_of_burkina_faso_links.csv
28,Burundi,"14,390,003","25,680",560,https://en.wikipedia.org/wiki/Economy_of_Burundi,markdown/economy_of_burundi.md,json/economy_of_burundi.json,csv/economy_of_burundi_links.csv
29,Cabo Verde,"527,326","4,030",131,https://en.wikipedia.org/wiki/Economy_of_Cape_Verde,markdown/economy_of_cape_verde.md,json/economy_of_cape_verde.json,csv/economy_of_cape_verde_links.csv
30,Cambodia,"17,847,982","176,520",101,https://en.wikipedia.org/wiki/Economy_of_Cambodia,markdown/economy_of_cambodia.md,json/economy_of_cambodia.json,csv/economy_of_cambodia_links.csv
31,Cameroon,"29,879,337","472,710",63,https://en.wikipedia.org/wiki/Economy_of_Cameroon,markdown/economy_of_cameroon.md,json/economy_of_cameroon.json,csv/economy_of_cameroon_links.csv
32,Canada,"40,126,723","9,093,510",4,https://en.wikipedia.org/wiki/Economy_of_Canada,markdown/economy_of_canada.md,json/economy_of_canada.json,csv/economy_of_canada_links.csv
33,Central African Republic,"5,513,282","622,980",9,https://en.wikipedia.org/wiki/Economy_of_the_Central_African_Republic,markdown/economy_of_the_central_african_republic.md,json/economy_of_the_central_african_republic.json,csv/economy_of_the_central_african_republic_links.csv
34,Chad,"21,003,705","1,259,200",17,https://en.wikipedia.org/wiki/Economy_of_Chad,markdown/economy_of_chad.md,json/economy_of_chad.json,csv/economy_of_chad_links.csv
35,Chile,"19,859,921","743,532",27,https://en.wikipedia.org/wiki/Economy_of_Chile,markdown/economy_of_chile.md,json/economy_of_chile.json,csv/economy_of_chile_links.csv
36,China,"1,416,096,094","9,388,211",151,https://en.wikipedia.org/wiki/Economy_of_China,markdown/economy_of_china.md,json/economy_of_china.json,csv/economy_of_china_links.csv
37,Colombia,"53,425,635","1,109,500",48,https://en.wikipedia.org/wiki/Economy_of_Colombia,markdown/economy_of_colombia.md,json/economy_of_colombia.json,csv/economy_of_colombia_links.csv
38,Comoros,"882,847","1,861",474,https://en.wikipedia.org/wiki/Economy_of_the_Comoros,markdown/economy_of_the_comoros.md,json/economy_of_the_comoros.json,csv/economy_of_the_comoros_links.csv
39,Congo (Congo-Brazzaville),"6,484,437","341,500",19,https://en.wikipedia.org/wiki/Economy_of_the_Democratic_Republic_of_the_Congo,markdown/economy_of_the_democratic_republic_of_the_congo.md,json/economy_of_the_democratic_republic_of_the_congo.json,csv/economy_of_the_democratic_republic_of_the_congo_links.csv
40,Costa Rica,"5,152,950","51,060",101,https://en.wikipedia.org/wiki/Economy_of_Costa_Rica,markdown/economy_of_costa_rica.md,json/economy_of_costa_rica.json,csv/economy_of_costa_rica_links.csv
41,Côte d'Ivoire,"32,711,547","318,000",103,https://en.wikipedia.org/wiki/Economy_of_Ivory_Coast,markdown/economy_of_ivory_coast.md,json/economy_of_ivory_coast.json,csv/economy_of_ivory_coast_links.csv
42,Croatia,"3,848,160","55,960",69,https://en.wikipedia.org/wiki/Economy_of_Croatia,markdown/economy_of_croatia.md,json/economy_of_croatia.json,csv/economy_of_croatia_links.csv
43,Cuba,"10,937,203","106,440",103,https://en.wikipedia.org/wiki/Economy_of_Cuba,markdown/economy_of_cuba.md,json/economy_of_cuba.json,csv/economy_of_cuba_links.csv
44,Cyprus,"1,370,754","9,240",148,https://en.wikipedia.org/wiki/Economy_of_Cyprus,markdown/economy_of_cyprus.md,json/economy_of_cyprus.json,csv/economy_of_cyprus_links.csv
45,Czechia (Czech Republic),"10,609,239","77,240",137,https://en.wikipedia.org/wiki/Economy_of_the_Czech_Republic,markdown/economy_of_the_czech_republic.md,json/economy_of_the_czech_republic.json,csv/economy_of_the_czech_republic_links.csv
46,Democratic Republic of the Congo,"112,832,473","2,267,050",50,https://en.wikipedia.org/wiki/Economy_of_the_Democratic_Republic_of_the_Congo,markdown/economy_of_the_democratic_republic_of_the_congo.md,json/economy_of_the_democratic_republic_of_the_congo.json,csv/economy_of_the_democratic_republic_of_the_congo_links.csv
47,Denmark,"6,002,507","42,430",141,https://en.wikipedia.org/wiki/Economy_of_Denmark,markdown/economy_of_denmark.md,json/economy_of_denmark.json,csv/economy_of_denmark_links.csv
48,Djibouti,"1,184,076","23,180",51,https://en.wikipedia.org/wiki/Economy_of_Djibouti,markdown/economy_of_djibouti.md,json/economy_of_djibouti.json,csv/economy_of_djibouti_links.csv
49,Dominica,"65,871",750,88,https://en.wikipedia.org/wiki/Economy_of_Dominica,markdown/economy_of_dominica.md,json/economy_of_dominica.json,csv/economy_of_dominica_links.csv
50,Dominican Republic,"11,520,487","48,320",238,https://en.wikipedia.org/wiki/Economy_of_the_Dominican_Republic,markdown/economy_of_the_dominican_republic.md,json/economy_of_the_dominican_republic.json,csv/economy_of_the_dominican_republic_links.csv
51,Ecuador,"18,289,896","248,360",74,https://en.wikipedia.org/wiki/Economy_of_Ecuador,markdown/economy_of_ecuador.md,json/economy_of_ecuador.json,csv/economy_of_ecuador_links.csv
52,Egypt,"118,365,995","995,450",119,https://en.wikipedia.org/wiki/Economy_of_Egypt,markdown/economy_of_egypt.md,json/economy_of_egypt.json,csv/economy_of_egypt_links.csv
53,El Salvador,"6,365,503","20,720",307,https://en.wikipedia.org/wiki/Economy_of_El_Salvador,markdown/economy_of_el_salvador.md,json/economy_of_el_salvador.json,csv/economy_of_el_salvador_links.csv
54,Equatorial Guinea,"1,938,431","28,050",69,https://en.wikipedia.org/wiki/Economy_of_Equatorial_Guinea,markdown/economy_of_equatorial_guinea.md,json/economy_of_equatorial_guinea.json,csv/economy_of_equatorial_guinea_links.csv
55,Eritrea,"3,607,003","101,000",36,https://en.wikipedia.org/wiki/Economy_of_Eritrea,markdown/economy_of_eritrea.md,json/economy_of_eritrea.json,csv/economy_of_eritrea_links.csv
56,Estonia,"1,344,232","42,390",32,https://en.wikipedia.org/wiki/Economy_of_Estonia,markdown/economy_of_estonia.md,json/economy_of_estonia.json,csv/economy_of_estonia_links.csv
57,"Eswatini (fmr. """"Swaziland"""")","1,256,174","17,200",73,https://en.wikipedia.org/wiki/Economy_of_Eswatini,markdown/economy_of_eswatini.md,json/economy_of_eswatini.json,csv/economy_of_eswatini_links.csv
58,Ethiopia,"135,472,051","1,000,000",135,https://en.wikipedia.org/wiki/Economy_of_Ethiopia,markdown/economy_of_ethiopia.md,json/economy_of_ethiopia.json,csv/economy_of_ethiopia_links.csv
59,Fiji,"933,154","18,270",51,https://en.wikipedia.org/wiki/Economy_of_Fiji,markdown/economy_of_fiji.md,json/economy_of_fiji.json,csv/economy_of_fiji_links.csv
60,Finland,"5,623,329","303,890",19,https://en.wikipedia.org/wiki/Economy_of_Finland,markdown/economy_of_finland.md,json/economy_of_finland.json,csv/economy_of_finland_links.csv
61,France,"66,650,804","547,557",122,https://en.wikipedia.org/wiki/Economy_of_France,markdown/economy_of_france.md,json/economy_of_france.json,csv/economy_of_france_links.csv
62,Gabon,"2,593,130","257,670",10,https://en.wikipedia.org/wiki/Economy_of_Gabon,markdown/economy_of_gabon.md,json/economy_of_gabon.json,csv/economy_of_gabon_links.csv
63,Gambia,"2,822,093","10,120",279,https://en.wikipedia.org/wiki/Economy_of_the_Gambia,markdown/economy_of_the_gambia.md,json/economy_of_the_gambia.json,csv/economy_of_the_gambia_links.csv
64,Georgia,"3,806,671","69,490",55,https://en.wikipedia.org/wiki/Economy_of_Georgia,N/A,N/A,N/A
65,Germany,"84,075,075","348,560",241,https://en.wikipedia.org/wiki/Economy_of_Germany,markdown/economy_of_germany.md,json/economy_of_germany.json,csv/economy_of_germany_links.csv
66,Ghana,"35,064,272","227,540",154,https://en.wikipedia.org/wiki/Economy_of_Ghana,markdown/economy_of_ghana.md,json/economy_of_ghana.json,csv/economy_of_ghana_links.csv
67,Greece,"9,938,844","128,900",77,https://en.wikipedia.org/wiki/Economy_of_Greece,markdown/economy_of_greece.md,json/economy_of_greece.json,csv/economy_of_greece_links.csv
68,Grenada,"117,303",340,345,https://en.wikipedia.org/wiki/Economy_of_Grenada,markdown/economy_of_grenada.md,json/economy_of_grenada.json,csv/economy_of_grenada_links.csv
69,Guatemala,"18,687,881","107,160",174,https://en.wikipedia.org/wiki/Economy_of_Guatemala,markdown/economy_of_guatemala.md,json/economy_of_guatemala.json,csv/economy_of_guatemala_links.csv
70,Guinea,"15,099,727","245,720",61,https://en.wikipedia.org/wiki/Economy_of_Guinea,markdown/economy_of_guinea.md,json/economy_of_guinea.json,csv/economy_of_guinea_links.csv
71,Guinea-Bissau,"2,249,515","28,120",80,https://en.wikipedia.org/wiki/Economy_of_Guinea-Bissau,markdown/economy_of_guinea-bissau.md,json/economy_of_guinea-bissau.json,csv/economy_of_guinea-bissau_links.csv
72,Guyana,"835,986","196,850",4,https://en.wikipedia.org/wiki/Economy_of_Guyana,markdown/economy_of_guyana.md,json/economy_of_guyana.json,csv/economy_of_guyana_links.csv
73,Haiti,"11,906,095","27,560",432,https://en.wikipedia.org/wiki/Economy_of_Haiti,markdown/economy_of_haiti.md,json/economy_of_haiti.json,csv/economy_of_haiti_links.csv
74,Holy See,501,0,"1,253",https://en.wikipedia.org/wiki/Economy_of_Vatican_City,markdown/economy_of_vatican_city.md,json/economy_of_vatican_city.json,csv/economy_of_vatican_city_links.csv
75,Honduras,"11,005,850","111,890",98,https://en.wikipedia.org/wiki/Economy_of_Honduras,markdown/economy_of_honduras.md,json/economy_of_honduras.json,csv/economy_of_honduras_links.csv
76,Hungary,"9,632,287","90,530",106,https://en.wikipedia.org/wiki/Economy_of_Hungary,markdown/economy_of_hungary.md,json/economy_of_hungary.json,csv/economy_of_hungary_links.csv
77,Iceland,"398,266","100,250",4,https://en.wikipedia.org/wiki/Economy_of_Iceland,markdown/economy_of_iceland.md,json/economy_of_iceland.json,csv/economy_of_iceland_links.csv
78,India,"1,463,865,525","2,973,190",492,https://en.wikipedia.org/wiki/Economy_of_India,markdown/economy_of_india.md,json/economy_of_india.json,csv/economy_of_india_links.csv
79,Indonesia,"285,721,236","1,811,570",158,https://en.wikipedia.org/wiki/Economy_of_Indonesia,markdown/economy_of_indonesia.md,json/economy_of_indonesia.json,csv/economy_of_indonesia_links.csv
80,Iran,"92,417,681","1,628,550",57,https://en.wikipedia.org/wiki/Economy_of_Iran,markdown/economy_of_iran.md,json/economy_of_iran.json,csv/economy_of_iran_links.csv
81,Iraq,"47,020,774","434,320",108,https://en.wikipedia.org/wiki/Economy_of_Iraq,markdown/economy_of_iraq.md,json/economy_of_iraq.json,csv/economy_of_iraq_links.csv
82,Ireland,"5,308,039","68,890",77,https://en.wikipedia.org/wiki/Economy_of_Ireland,N/A,N/A,N/A
83,Israel,"9,517,181","21,640",440,https://en.wikipedia.org/wiki/Economy_of_Israel,markdown/economy_of_israel.md,json/economy_of_israel.json,csv/economy_of_israel_links.csv
84,Italy,"59,146,260","294,140",201,https://en.wikipedia.org/wiki/Economy_of_Italy,markdown/economy_of_italy.md,json/economy_of_italy.json,csv/economy_of_italy_links.csv
85,Jamaica,"2,837,077","10,830",262,https://en.wikipedia.org/wiki/Economy_of_Jamaica,markdown/economy_of_jamaica.md,json/economy_of_jamaica.json,csv/economy_of_jamaica_links.csv
86,Japan,"123,103,479","364,555",338,https://en.wikipedia.org/wiki/Economy_of_Japan,markdown/economy_of_japan.md,json/economy_of_japan.json,csv/economy_of_japan_links.csv
87,Jordan,"11,520,684","88,780",130,https://en.wikipedia.org/wiki/Economy_of_Jordan,markdown/economy_of_jordan.md,json/economy_of_jordan.json,csv/economy_of_jordan_links.csv
88,Kazakhstan,"20,843,754","2,699,700",8,https://en.wikipedia.org/wiki/Economy_of_Kazakhstan,markdown/economy_of_kazakhstan.md,json/economy_of_kazakhstan.json,csv/economy_of_kazakhstan_links.csv
89,Kenya,"57,532,493","569,140",101,https://en.wikipedia.org/wiki/Economy_of_Kenya,markdown/economy_of_kenya.md,json/economy_of_kenya.json,csv/economy_of_kenya_links.csv
90,Kiribati,"136,488",810,169,https://en.wikipedia.org/wiki/Economy_of_Kiribati,markdown/economy_of_kiribati.md,json/economy_of_kiribati.json,csv/economy_of_kiribati_links.csv
91,Kuwait,"5,026,078","17,820",282,https://en.wikipedia.org/wiki/Economy_of_Kuwait,markdown/economy_of_kuwait.md,json/economy_of_kuwait.json,csv/economy_of_kuwait_links.csv
92,Kyrgyzstan,"7,295,034","191,800",38,https://en.wikipedia.org/wiki/Economy_of_Kyrgyzstan,markdown/economy_of_kyrgyzstan.md,json/economy_of_kyrgyzstan.json,csv/economy_of_kyrgyzstan_links.csv
93,Laos,"7,873,046","230,800",34,https://en.wikipedia.org/wiki/Economy_of_Laos,markdown/economy_of_laos.md,json/economy_of_laos.json,csv/economy_of_laos_links.csv
94,Latvia,"1,853,559","62,200",30,https://en.wikipedia.org/wiki/Economy_of_Latvia,markdown/economy_of_latvia.md,json/economy_of_latvia.json,csv/economy_of_latvia_links.csv
95,Lebanon,"5,849,421","10,230",572,https://en.wikipedia.org/wiki/Economy_of_Lebanon,markdown/economy_of_lebanon.md,json/economy_of_lebanon.json,csv/economy_of_lebanon_links.csv
96,Lesotho,"2,363,325","30,360",78,https://en.wikipedia.org/wiki/Economy_of_Lesotho,markdown/economy_of_lesotho.md,json/economy_of_lesotho.json,csv/economy_of_lesotho_links.csv
97,Liberia,"5,731,206","96,320",60,https://en.wikipedia.org/wiki/Economy_of_Liberia,markdown/economy_of_liberia.md,json/economy_of_liberia.json,csv/economy_of_liberia_links.csv
98,Libya,"7,458,555","1,759,540",4,https://en.wikipedia.org/wiki/Economy_of_Libya,markdown/economy_of_libya.md,json/economy_of_libya.json,csv/economy_of_libya_links.csv
99,Liechtenstein,"40,128",160,251,https://en.wikipedia.org/wiki/Economy_of_Liechtenstein,markdown/economy_of_liechtenstein.md,json/economy_of_liechtenstein.json,csv/economy_of_liechtenstein_links.csv
100,Lithuania,"2,830,144","62,674",45,https://en.wikipedia.org/wiki/Economy_of_Lithuania,markdown/economy_of_lithuania.md,json/economy_of_lithuania.json,csv/economy_of_lithuania_links.csv
101,Luxembourg,"680,453","2,590",263,https://en.wikipedia.org/wiki/Economy_of_Luxembourg,markdown/economy_of_luxembourg.md,json/economy_of_luxembourg.json,csv/economy_of_luxembourg_links.csv
102,Madagascar,"32,740,678","581,795",56,https://en.wikipedia.org/wiki/Economy_of_Madagascar,markdown/economy_of_madagascar.md,json/economy_of_madagascar.json,csv/economy_of_madagascar_links.csv
103,Malawi,"22,216,120","94,280",236,https://en.wikipedia.org/wiki/Economy_of_Malawi,markdown/economy_of_malawi.md,json/economy_of_malawi.json,csv/economy_of_malawi_links.csv
104,Malaysia,"35,977,838","328,550",110,https://en.wikipedia.org/wiki/Economy_of_Malaysia,markdown/economy_of_malaysia.md,json/economy_of_malaysia.json,csv/economy_of_malaysia_links.csv
105,Maldives,"529,676",300,"1,766",https://en.wikipedia.org/wiki/Economy_of_the_Maldives,markdown/economy_of_the_maldives.md,json/economy_of_the_maldives.json,csv/economy_of_the_maldives_links.csv
106,Mali,"25,198,821","1,220,190",21,https://en.wikipedia.org/wiki/Economy_of_Mali,markdown/economy_of_mali.md,json/economy_of_mali.json,csv/economy_of_mali_links.csv
107,Malta,"545,405",320,"1,704",https://en.wikipedia.org/wiki/Economy_of_Malta,markdown/economy_of_malta.md,json/economy_of_malta.json,csv/economy_of_malta_links.csv
108,Marshall Islands,"36,282",180,202,https://en.wikipedia.org/wiki/Economy_of_the_Marshall_Islands,markdown/economy_of_the_marshall_islands.md,json/economy_of_the_marshall_islands.json,csv/economy_of_the_marshall_islands_links.csv
109,Mauritania,"5,315,065","1,030,700",5,https://en.wikipedia.org/wiki/Economy_of_Mauritania,markdown/economy_of_mauritania.md,json/economy_of_mauritania.json,csv/economy_of_mauritania_links.csv
110,Mauritius,"1,268,280","2,030",625,https://en.wikipedia.org/wiki/Economy_of_Mauritius,markdown/economy_of_mauritius.md,json/economy_of_mauritius.json,csv/economy_of_mauritius_links.csv
111,Mexico,"131,946,900","1,943,950",68,https://en.wikipedia.org/wiki/Economy_of_Mexico,markdown/economy_of_mexico.md,json/economy_of_mexico.json,csv/economy_of_mexico_links.csv
112,Micronesia,"113,683",700,162,https://en.wikipedia.org/wiki/Economy_of_the_Federated_States_of_Micronesia,markdown/economy_of_the_federated_states_of_micronesia.md,json/economy_of_the_federated_states_of_micronesia.json,csv/economy_of_the_federated_states_of_micronesia_links.csv
113,Moldova,"2,996,106","32,850",91,https://en.wikipedia.org/wiki/Economy_of_Moldova,markdown/economy_of_moldova.md,json/economy_of_moldova.json,csv/economy_of_moldova_links.csv
114,Monaco,"38,341",1,"25,732",https://en.wikipedia.org/wiki/Economy_of_Monaco,markdown/economy_of_monaco.md,json/economy_of_monaco.json,csv/economy_of_monaco_links.csv
115,Mongolia,"3,517,100","1,553,560",2,https://en.wikipedia.org/wiki/Economy_of_Mongolia,markdown/economy_of_mongolia.md,json/economy_of_mongolia.json,csv/economy_of_mongolia_links.csv
116,Montenegro,"632,729","13,450",47,https://en.wikipedia.org/wiki/Economy_of_Montenegro,markdown/economy_of_montenegro.md,json/economy_of_montenegro.json,csv/economy_of_montenegro_links.csv
117,Morocco,"38,430,770","446,300",86,https://en.wikipedia.org/wiki/Economy_of_Morocco,markdown/economy_of_morocco.md,json/economy_of_morocco.json,csv/economy_of_morocco_links.csv
118,Mozambique,"35,631,653","786,380",45,https://en.wikipedia.org/wiki/Economy_of_Mozambique,markdown/economy_of_mozambique.md,json/economy_of_mozambique.json,csv/economy_of_mozambique_links.csv
119,Myanmar (formerly Burma),"54,850,648","653,290",84,https://en.wikipedia.org/wiki/Economy_of_Myanmar,markdown/economy_of_myanmar.md,json/economy_of_myanmar.json,csv/economy_of_myanmar_links.csv
120,Namibia,"3,092,816","823,290",4,https://en.wikipedia.org/wiki/Economy_of_Namibia,markdown/economy_of_namibia.md,json/economy_of_namibia.json,csv/economy_of_namibia_links.csv
121,Nauru,"12,025",20,601,https://en.wikipedia.org/wiki/Economy_of_Nauru,markdown/economy_of_nauru.md,json/economy_of_nauru.json,csv/economy_of_nauru_links.csv
122,Nepal,"29,618,118","143,350",207,https://en.wikipedia.org/wiki/Economy_of_Nepal,markdown/economy_of_nepal.md,json/economy_of_nepal.json,csv/economy_of_nepal_links.csv
123,Netherlands,"18,346,819","33,720",544,https://en.wikipedia.org/wiki/Economy_of_the_Netherlands,markdown/economy_of_the_netherlands.md,json/economy_of_the_netherlands.json,csv/economy_of_the_netherlands_links.csv
124,New Zealand,"5,251,899","263,310",20,https://en.wikipedia.org/wiki/Economy_of_New_Zealand,markdown/economy_of_new_zealand.md,json/economy_of_new_zealand.json,csv/economy_of_new_zealand_links.csv
125,Nicaragua,"7,007,502","120,340",58,https://en.wikipedia.org/wiki/Economy_of_Nicaragua,markdown/economy_of_nicaragua.md,json/economy_of_nicaragua.json,csv/economy_of_nicaragua_links.csv
126,Niger,"27,917,831","1,266,700",22,https://en.wikipedia.org/wiki/Economy_of_Niger,markdown/economy_of_niger.md,json/economy_of_niger.json,csv/economy_of_niger_links.csv
127,Nigeria,"237,527,782","910,770",261,https://en.wikipedia.org/wiki/Economy_of_Nigeria,markdown/economy_of_nigeria.md,json/economy_of_nigeria.json,csv/economy_of_nigeria_links.csv
128,North Korea,"26,571,036","120,410",221,https://en.wikipedia.org/wiki/Economy_of_North_Korea,markdown/economy_of_north_korea.md,json/economy_of_north_korea.json,csv/economy_of_north_korea_links.csv
129,North Macedonia,"1,813,791","25,220",72,https://en.wikipedia.org/wiki/Economy_of_North_Macedonia,markdown/economy_of_north_macedonia.md,json/economy_of_north_macedonia.json,csv/economy_of_north_macedonia_links.csv
130,Norway,"5,623,071","365,268",15,https://en.wikipedia.org/wiki/Economy_of_Norway,markdown/economy_of_norway.md,json/economy_of_norway.json,csv/economy_of_norway_links.csv
131,Oman,"5,494,691","309,500",18,https://en.wikipedia.org/wiki/Economy_of_Oman,markdown/economy_of_oman.md,json/economy_of_oman.json,csv/economy_of_oman_links.csv
132,Pakistan,"255,219,554","770,880",331,https://en.wikipedia.org/wiki/Economy_of_Pakistan,markdown/economy_of_pakistan.md,json/economy_of_pakistan.json,csv/economy_of_pakistan_links.csv
133,Palau,"17,663",460,38,https://en.wikipedia.org/wiki/Economy_of_Palau,markdown/economy_of_palau.md,json/economy_of_palau.json,csv/economy_of_palau_links.csv
134,Palestine State,"5,589,623","6,020",929,https://en.wikipedia.org/wiki/Economy_of_Palestine,markdown/economy_of_palestine.md,json/economy_of_palestine.json,csv/economy_of_palestine_links.csv
135,Panama,"4,571,189","74,340",61,https://en.wikipedia.org/wiki/Economy_of_Panama,markdown/economy_of_panama.md,json/economy_of_panama.json,csv/economy_of_panama_links.csv
136,Papua New Guinea,"10,762,817","452,860",24,https://en.wikipedia.org/wiki/Economy_of_Papua_New_Guinea,markdown/economy_of_papua_new_guinea.md,json/economy_of_papua_new_guinea.json,csv/economy_of_papua_new_guinea_links.csv
137,Paraguay,"7,013,078","397,300",18,https://en.wikipedia.org/wiki/Economy_of_Paraguay,markdown/economy_of_paraguay.md,json/economy_of_paraguay.json,csv/economy_of_paraguay_links.csv
138,Peru,"34,576,665","1,280,000",27,https://en.wikipedia.org/wiki/Economy_of_Peru,markdown/economy_of_peru.md,json/economy_of_peru.json,csv/economy_of_peru_links.csv
139,Philippines,"116,786,962","298,170",392,https://en.wikipedia.org/wiki/Economy_of_the_Philippines,markdown/economy_of_the_philippines.md,json/economy_of_the_philippines.json,csv/economy_of_the_philippines_links.csv
140,Poland,"38,140,910","306,230",125,https://en.wikipedia.org/wiki/Economy_of_Poland,markdown/economy_of_poland.md,json/economy_of_poland.json,csv/economy_of_poland_links.csv
141,Portugal,"10,411,834","91,590",114,https://en.wikipedia.org/wiki/Economy_of_Portugal,markdown/economy_of_portugal.md,json/economy_of_portugal.json,csv/economy_of_portugal_links.csv
142,Qatar,"3,115,889","11,610",268,https://en.wikipedia.org/wiki/Economy_of_Qatar,markdown/economy_of_qatar.md,json/economy_of_qatar.json,csv/economy_of_qatar_links.csv
143,Romania,"18,908,650","230,170",82,https://en.wikipedia.org/wiki/Economy_of_Romania,markdown/economy_of_romania.md,json/economy_of_romania.json,csv/economy_of_romania_links.csv
144,Russia,"143,997,393","16,376,870",9,https://en.wikipedia.org/wiki/Economy_of_Russia,markdown/economy_of_russia.md,json/economy_of_russia.json,csv/economy_of_russia_links.csv
145,Rwanda,"14,569,341","24,670",591,https://en.wikipedia.org/wiki/Economy_of_Rwanda,markdown/economy_of_rwanda.md,json/economy_of_rwanda.json,csv/economy_of_rwanda_links.csv
146,Saint Kitts and Nevis,"46,922",260,180,https://en.wikipedia.org/wiki/Economy_of_Saint_Kitts_and_Nevis,markdown/economy_of_saint_kitts_and_nevis.md,json/economy_of_saint_kitts_and_nevis.json,csv/economy_of_saint_kitts_and_nevis_links.csv
147,Saint Lucia,"180,149",610,295,https://en.wikipedia.org/wiki/Economy_of_Saint_Lucia,markdown/economy_of_saint_lucia.md,json/economy_of_saint_lucia.json,csv/economy_of_saint_lucia_links.csv
148,Saint Vincent and the Grenadines,"99,924",390,256,https://en.wikipedia.org/wiki/Economy_of_Saint_Vincent_and_the_Grenadines,markdown/economy_of_saint_vincent_and_the_grenadines.md,json/economy_of_saint_vincent_and_the_grenadines.json,csv/economy_of_saint_vincent_and_the_grenadines_links.csv
149,Samoa,"219,306","2,830",77,https://en.wikipedia.org/wiki/Economy_of_Samoa,markdown/economy_of_samoa.md,json/economy_of_samoa.json,csv/economy_of_samoa_links.csv
150,San Marino,"33,572",60,560,https://en.wikipedia.org/wiki/Economy_of_San_Marino,markdown/economy_of_san_marino.md,json/economy_of_san_marino.json,csv/economy_of_san_marino_links.csv
151,Sao Tome and Principe,"240,254",960,250,https://en.wikipedia.org/wiki/Economy_of_S%C3%A3o_Tom%C3%A9_and_Pr%C3%ADncipe,markdown/economy_of_são_tomé_and_príncipe.md,json/economy_of_são_tomé_and_príncipe.json,csv/economy_of_são_tomé_and_príncipe_links.csv
152,Saudi Arabia,"34,566,328","2,149,690",16,https://en.wikipedia.org/wiki/Economy_of_Saudi_Arabia,markdown/economy_of_saudi_arabia.md,json/economy_of_saudi_arabia.json,csv/economy_of_saudi_arabia_links.csv
153,Senegal,"18,931,966","192,530",98,https://en.wikipedia.org/wiki/Economy_of_Senegal,markdown/economy_of_senegal.md,json/economy_of_senegal.json,csv/economy_of_senegal_links.csv
154,Serbia,"6,689,039","87,460",76,https://en.wikipedia.org/wiki/Economy_of_Serbia,markdown/economy_of_serbia.md,json/economy_of_serbia.json,csv/economy_of_serbia_links.csv
155,Seychelles,"132,779",460,289,https://en.wikipedia.org/wiki/Economy_of_Seychelles,markdown/economy_of_seychelles.md,json/economy_of_seychelles.json,csv/economy_of_seychelles_links.csv
156,Sierra Leone,"8,819,794","72,180",122,https://en.wikipedia.org/wiki/Economy_of_Sierra_Leone,markdown/economy_of_sierra_leone.md,json/economy_of_sierra_leone.json,csv/economy_of_sierra_leone_links.csv
157,Singapore,"5,870,750",700,"8,387",https://en.wikipedia.org/wiki/Economy_of_Singapore,markdown/economy_of_singapore.md,json/economy_of_singapore.json,csv/economy_of_singapore_links.csv
158,Slovakia,"5,474,881","48,088",114,https://en.wikipedia.org/wiki/Economy_of_Slovakia,markdown/economy_of_slovakia.md,json/economy_of_slovakia.json,csv/economy_of_slovakia_links.csv
159,Slovenia,"2,117,072","20,140",105,https://en.wikipedia.org/wiki/Economy_of_Slovenia,markdown/economy_of_slovenia.md,json/economy_of_slovenia.json,csv/economy_of_slovenia_links.csv
160,Solomon Islands,"838,645","27,990",30,https://en.wikipedia.org/wiki/Economy_of_Solomon_Islands,markdown/economy_of_solomon_islands.md,json/economy_of_solomon_islands.json,csv/economy_of_solomon_islands_links.csv
161,Somalia,"19,654,739","627,340",31,https://en.wikipedia.org/wiki/Economy_of_Somalia,markdown/economy_of_somalia.md,json/economy_of_somalia.json,csv/economy_of_somalia_links.csv
162,South Africa,"64,747,319","1,213,090",53,https://en.wikipedia.org/wiki/Economy_of_South_Africa,markdown/economy_of_south_africa.md,json/economy_of_south_africa.json,csv/economy_of_south_africa_links.csv
163,South Korea,"51,667,029","97,230",531,https://en.wikipedia.org/wiki/Economy_of_South_Korea,markdown/economy_of_south_korea.md,json/economy_of_south_korea.json,csv/economy_of_south_korea_links.csv
164,South Sudan,"12,188,788","610,952",20,https://en.wikipedia.org/wiki/Economy_of_South_Sudan,markdown/economy_of_south_sudan.md,json/economy_of_south_sudan.json,csv/economy_of_south_sudan_links.csv
165,Spain,"47,889,958","498,800",96,https://en.wikipedia.org/wiki/Economy_of_Spain,markdown/economy_of_spain.md,json/economy_of_spain.json,csv/economy_of_spain_links.csv
166,Sri Lanka,"23,229,470","62,710",370,https://en.wikipedia.org/wiki/Economy_of_Sri_Lanka,markdown/economy_of_sri_lanka.md,json/economy_of_sri_lanka.json,csv/economy_of_sri_lanka_links.csv
167,Sudan,"51,662,147","1,765,048",29,https://en.wikipedia.org/wiki/Economy_of_Sudan,markdown/economy_of_sudan.md,json/economy_of_sudan.json,csv/economy_of_sudan_links.csv
168,Suriname,"639,850","156,000",4,https://en.wikipedia.org/wiki/Economy_of_Suriname,markdown/economy_of_suriname.md,json/economy_of_suriname.json,csv/economy_of_suriname_links.csv
169,Sweden,"10,656,633","410,340",26,https://en.wikipedia.org/wiki/Economy_of_Sweden,markdown/economy_of_sweden.md,json/economy_of_sweden.json,csv/economy_of_sweden_links.csv
170,Switzerland,"8,967,407","39,516",227,https://en.wikipedia.org/wiki/Economy_of_Switzerland,markdown/economy_of_switzerland.md,json/economy_of_switzerland.json,csv/economy_of_switzerland_links.csv
171,Syria,"25,620,427","183,630",140,https://en.wikipedia.org/wiki/Economy_of_Syria,markdown/economy_of_syria.md,json/economy_of_syria.json,csv/economy_of_syria_links.csv
172,Tajikistan,"10,786,734","139,960",77,https://en.wikipedia.org/wiki/Economy_of_Tajikistan,markdown/economy_of_tajikistan.md,json/economy_of_tajikistan.json,csv/economy_of_tajikistan_links.csv
173,Tanzania,"70,545,865","885,800",80,https://en.wikipedia.org/wiki/Economy_of_Tanzania,markdown/economy_of_tanzania.md,json/economy_of_tanzania.json,csv/economy_of_tanzania_links.csv
174,Thailand,"71,619,863","510,890",140,https://en.wikipedia.org/wiki/Economy_of_Thailand,markdown/economy_of_thailand.md,json/economy_of_thailand.json,csv/economy_of_thailand_links.csv
175,Timor-Leste,"1,418,517","14,870",95,https://en.wikipedia.org/wiki/Economy_of_Timor-Leste,markdown/economy_of_timor-leste.md,json/economy_of_timor-leste.json,csv/economy_of_timor-leste_links.csv
176,Togo,"9,721,608","54,390",179,https://en.wikipedia.org/wiki/Economy_of_Togo,markdown/economy_of_togo.md,json/economy_of_togo.json,csv/economy_of_togo_links.csv
177,Tonga,"103,742",720,144,https://en.wikipedia.org/wiki/Economy_of_Tonga,markdown/economy_of_tonga.md,json/economy_of_tonga.json,csv/economy_of_tonga_links.csv
178,Trinidad and Tobago,"1,511,155","5,130",295,https://en.wikipedia.org/wiki/Economy_of_Trinidad_and_Tobago,markdown/economy_of_trinidad_and_tobago.md,json/economy_of_trinidad_and_tobago.json,csv/economy_of_trinidad_and_tobago_links.csv
179,Tunisia,"12,348,573","155,360",79,https://en.wikipedia.org/wiki/Economy_of_Tunisia,markdown/economy_of_tunisia.md,json/economy_of_tunisia.json,csv/economy_of_tunisia_links.csv
180,Turkey,"87,685,426","769,630",114,https://en.wikipedia.org/wiki/Economy_of_Turkey,markdown/economy_of_turkey.md,json/economy_of_turkey.json,csv/economy_of_turkey_links.csv
181,Turkmenistan,"7,618,847","469,930",16,https://en.wikipedia.org/wiki/Economy_of_Turkmenistan,markdown/economy_of_turkmenistan.md,json/economy_of_turkmenistan.json,csv/economy_of_turkmenistan_links.csv
182,Tuvalu,"9,492",30,316,https://en.wikipedia.org/wiki/Economy_of_Tuvalu,markdown/economy_of_tuvalu.md,json/economy_of_tuvalu.json,csv/economy_of_tuvalu_links.csv
183,Uganda,"51,384,894","199,810",257,https://en.wikipedia.org/wiki/Economy_of_Uganda,markdown/economy_of_uganda.md,json/economy_of_uganda.json,csv/economy_of_uganda_links.csv
184,Ukraine,"38,980,376","579,320",67,https://en.wikipedia.org/wiki/Economy_of_Ukraine,markdown/economy_of_ukraine.md,json/economy_of_ukraine.json,csv/economy_of_ukraine_links.csv
185,United Arab Emirates,"11,346,000","83,600",136,https://en.wikipedia.org/wiki/Economy_of_the_United_Arab_Emirates,markdown/economy_of_the_united_arab_emirates.md,json/economy_of_the_united_arab_emirates.json,csv/economy_of_the_united_arab_emirates_links.csv
186,United Kingdom,"69,551,332","241,930",287,https://en.wikipedia.org/wiki/Economy_of_the_United_Kingdom,markdown/economy_of_the_united_kingdom.md,json/economy_of_the_united_kingdom.json,csv/economy_of_the_united_kingdom_links.csv
187,United States of America,"347,275,807","9,147,420",38,https://en.wikipedia.org/wiki/Economy_of_the_United_States,markdown/economy_of_the_united_states.md,json/economy_of_the_united_states.json,csv/economy_of_the_united_states_links.csv
188,Uruguay,"3,384,688","175,020",19,https://en.wikipedia.org/wiki/Economy_of_Uruguay,markdown/economy_of_uruguay.md,json/economy_of_uruguay.json,csv/economy_of_uruguay_links.csv
189,Uzbekistan,"37,053,428","425,400",87,https://en.wikipedia.org/wiki/Economy_of_Uzbekistan,markdown/economy_of_uzbekistan.md,json/economy_of_uzbekistan.json,csv/economy_of_uzbekistan_links.csv
190,Vanuatu,"335,169","12,190",27,https://en.wikipedia.org/wiki/Economy_of_Vanuatu,markdown/economy_of_vanuatu.md,json/economy_of_vanuatu.json,csv/economy_of_vanuatu_links.csv
191,Venezuela,"28,516,896","882,050",32,https://en.wikipedia.org/wiki/Economy_of_Venezuela,markdown/economy_of_venezuela.md,json/economy_of_venezuela.json,csv/economy_of_venezuela_links.csv
192,Vietnam,"101,598,527","310,070",328,https://en.wikipedia.org/wiki/Economy_of_Vietnam,markdown/economy_of_vietnam.md,json/economy_of_vietnam.json,csv/economy_of_vietnam_links.csv
193,Yemen,"41,773,878","527,970",79,https://en.wikipedia.org/wiki/Economy_of_Yemen,markdown/economy_of_yemen.md,json/economy_of_yemen.json,csv/economy_of_yemen_links.csv
194,Zambia,"21,913,874","743,390",29,https://en.wikipedia.org/wiki/Economy_of_Zambia,markdown/economy_of_zambia.md,json/economy_of_zambia.json,csv/economy_of_zambia_links.csv
195,Zimbabwe,"16,950,795","386,850",44,https://en.wikipedia.org/wiki/Economy_of_Zimbabwe,markdown/economy_of_zimbabwe.md,json/economy_of_zimbabwe.json,csv/economy_of_zimbabwe_links.csv
